scenario_id,receiver_mode,duration_us,instantaneous_bandwidth_mhz,scan_start_mhz,scan_stop_mhz,dwell_time_us,n_emitters
0,scan,8072149.078264367,100.0,1288.1576203415548,9847.596130988846,2934.180349419241,5
1,stare,7654861.654103911,80.0,896.6733165081241,11131.745428145592,380.5466916350597,8
2,stare,5488642.695598614,100.0,1199.7812713105113,15173.991543346321,780.7050525808073,7
3,scan,6144122.121248875,100.0,1129.0698820491034,10162.113117481696,619.9126243389676,13
4,stare,8840715.128278093,80.0,874.8462058180813,10227.5751018143,2039.500915108343,6
5,scan,6701850.815903578,40.0,915.0030957695124,12749.137037797595,2872.65986018354,6
6,scan,8062009.956473051,80.0,1093.1253218110783,15305.893202889167,1046.6670474620273,11
7,scan,11149614.004780833,20.0,1342.8616809903292,12408.003713371638,1129.7781034919929,9
8,stare,6583884.8122582445,100.0,1354.6597678611458,11334.527070047105,1666.310313625361,9
9,stare,8133874.804027159,100.0,1218.8753979991052,12302.49602528647,780.556624431847,6
10,scan,6490476.944920421,80.0,1220.0499048975394,13157.034699375603,2155.442875008096,11
11,stare,9735778.893882934,80.0,1007.8969981524283,14274.59434061328,2091.361688763722,11
12,stare,11899616.146370102,20.0,1317.666461665954,15534.727034947471,960.3601463147933,13
13,stare,9833833.970999582,20.0,1096.2130239830672,13259.558606919338,1747.010681379633,13
14,stare,11989048.970361508,80.0,914.8312006726806,14778.199049570856,1381.7219119589001,14
15,scan,7374095.967567952,100.0,1432.3426881946796,14040.203564852942,1407.5468100987937,15
16,stare,8754358.846352024,20.0,1457.157315638679,14908.776230725834,1239.4348517249452,5
17,scan,8092933.618630098,80.0,1450.5567983478616,10081.487672413232,1983.5633349329714,13
18,scan,6861323.9400786,20.0,998.1734379118571,11529.169244193035,1039.497760750789,12
19,stare,6748894.108220271,40.0,1017.4059135416883,10162.356324373586,979.7969147995882,8
20,scan,5264551.683079325,20.0,1230.7518510406085,16548.59966878588,2113.0990608605057,10
21,stare,6153545.897260782,20.0,1117.4291980058165,14397.51655841243,2651.009786690228,14
22,scan,5292234.506141648,80.0,911.1798914207083,13861.683556872067,1115.4507383830774,12
23,scan,10900463.484987631,40.0,1006.241522167521,14363.269299755179,1881.1629645542191,13
24,stare,6729764.94175812,80.0,1121.6058889095357,14067.676386338959,1153.038565661573,13
25,scan,8820391.348435096,80.0,929.0377906618912,9143.081613797667,1715.6610242795118,7
26,scan,11338763.590435836,100.0,1249.6501865488297,15169.240125534896,392.60640449786615,9
27,scan,7001372.868166327,80.0,1416.7762175556932,9196.179387966564,986.7724080842838,6
28,stare,11611347.906786636,40.0,1461.7058231833248,16516.441670813656,2369.609058761293,10
29,scan,10251462.197710793,40.0,907.1874862480781,13619.688186222518,1652.461772954898,14
30,scan,9977106.481913935,100.0,1092.6401353392785,16018.046011145823,2753.6753781867087,5
31,scan,10123328.025966007,100.0,1384.910835763304,11370.651294647754,432.64848806343366,11
32,stare,9804685.071383407,40.0,953.80799406806,15836.703018257078,619.8183151321887,14
33,scan,6601173.045958109,80.0,1221.4531825108977,12491.741258684304,581.8784664477953,15
34,scan,11236727.317089623,100.0,1377.7415256469103,13260.552219533143,1626.9515743336344,15
35,stare,8230787.61210136,100.0,1138.3796476072052,17834.342726277075,489.28344439870034,5
36,scan,11259151.823346786,100.0,1078.7334126788692,13082.744103072744,2751.480866572563,7
37,scan,10463399.219644172,80.0,801.0816105054231,12780.505365417488,1264.4664900953094,7
38,scan,10799427.98821464,20.0,1128.4983418247957,9953.369398285355,1359.227020920541,15
39,scan,11209704.371727418,100.0,1447.9960492591354,14713.208567564356,846.1930883295621,14
40,stare,11793771.787149113,80.0,934.0214430044851,11737.756517296244,2262.3497033748995,10
41,stare,10497924.14180759,100.0,1195.8455909230197,14240.753592805615,1830.85595742547,7
42,stare,11368460.45747256,80.0,814.8120484467869,17712.885144476866,1782.6555738097952,13
43,stare,8084566.825041011,100.0,936.5251627194743,14263.8694504044,1010.7629202200847,11
44,stare,9859629.589955863,40.0,1172.8883551895349,17233.881892929556,2669.6084834117773,14
45,stare,10412167.017033294,20.0,1091.754174489357,16444.848089513584,1738.973016390496,5
46,stare,6301607.924564142,20.0,911.0860818238074,10527.275511636242,1988.3350521231105,10
47,stare,6417160.386686322,20.0,1077.057719312792,9073.404308875237,1905.5894987062618,5
48,scan,11003992.371309765,20.0,1312.3739509866812,13976.04185742908,2808.00700217202,10
49,scan,8322220.368135981,40.0,875.3961548599536,16967.19809663826,868.2419974252284,8
50,stare,10633845.82835165,100.0,1317.5183641028857,11577.11501819151,1615.5899434945613,6
51,stare,9015498.760558654,20.0,864.156666557543,11944.173146539346,1495.742050172451,10
52,scan,9507150.414378773,40.0,1386.7234666245863,9880.955717224215,2991.5978937025197,14
53,scan,5583396.847171097,100.0,1013.8167894451885,16180.24850052655,2032.5602105430985,9
54,stare,11691661.468220174,100.0,1135.7386318707122,11016.222282315419,1470.2584042154438,9
55,scan,6508228.6659208415,80.0,1289.1375916549546,11003.819881144213,1043.233215179553,13
56,scan,10114283.043045878,80.0,883.8745748545136,13859.474026300031,1285.4812939568342,10
57,scan,7998625.249943887,100.0,913.7822226689215,11020.235109411908,500.2997433366306,6
58,scan,11146128.177966911,20.0,1258.538736758105,17957.917541019146,2514.579505146065,13
59,scan,7958202.5138566075,80.0,1320.900169112342,12139.224281686314,2002.7636958677826,8
60,stare,7929253.7862900905,20.0,1018.7604441465851,14397.966629828255,1376.3439079514037,10
61,stare,6766611.377471181,20.0,830.9879790860523,16587.55640362703,1440.9786961370282,15
62,stare,8910263.320962327,100.0,1490.005000338042,14713.05069984636,1849.0037248760714,11
63,stare,5902317.62170441,100.0,1137.8127803834648,17339.95652928894,2086.3756219604516,10
64,scan,9998358.64295458,100.0,1195.9122880231698,12982.230495366137,1719.974835421163,5
65,scan,6879204.773084074,40.0,1112.2792173251155,16185.504974852913,1181.8091011976326,6
66,scan,8678184.760214169,20.0,910.197028739279,16323.824542990013,1379.0442627393393,14
67,stare,5510026.744425721,100.0,1426.67875601183,14112.186106238103,2890.5382458826675,12
68,scan,9806339.186823979,80.0,1485.2515715192912,15162.705762255508,386.92490694919036,6
69,scan,6476562.133126446,40.0,1393.00854043721,15126.813539504668,1847.771081565392,7
70,scan,7317731.986008173,20.0,1035.7646304957934,10739.840175945857,705.9175318086816,10
71,stare,6105904.69531946,20.0,882.5771294577212,15271.170627289495,2900.8027409908927,9
72,scan,7423656.224279176,100.0,880.1254712429775,11808.791276982683,468.8939126471877,10
73,scan,11964980.67106526,40.0,1120.4544521079822,15521.718190199055,1180.5167167073846,10
74,stare,8042011.087093315,40.0,801.4744011538141,15900.6140729309,1130.5289818370732,6
75,stare,11954242.534126323,100.0,906.7765377932745,17736.845859726065,1614.6589150417897,10
76,stare,8380193.725856164,100.0,1080.7869428599456,12004.872376127458,2763.3830324074283,5
77,stare,7004365.088171734,40.0,918.2599757998711,10244.630528616412,1869.038017819972,6
78,stare,11549769.330606807,20.0,1225.3617928603485,16839.89249325564,2476.9322494418952,13
79,stare,10698488.865246862,80.0,1276.693583415918,12662.120350802943,1335.0888984774745,10
80,scan,9687014.773327122,40.0,934.0819367858493,17540.05305102309,562.1131781608905,8
81,stare,10608687.082669377,80.0,1239.4234473896922,17363.196398819913,2022.709308075406,14
82,scan,5444123.430775024,20.0,1153.1144638296512,16507.627772982953,1132.4589683429974,15
83,scan,10820463.63923538,100.0,1322.0053872929366,11086.872591252912,2749.368938926922,12
84,scan,6155701.218860602,40.0,1359.4244877198848,10821.309587542977,2519.8930319422516,6
85,scan,6428535.840737274,20.0,1446.4264871329929,14896.629952788067,1407.256424764012,8
86,stare,9980561.692254886,100.0,844.5166660139894,11174.6121968871,1625.0984374050865,9
87,scan,5080604.811003156,100.0,1103.1939360809401,17383.05301557724,2361.7543979959896,7
88,stare,5187718.995938773,100.0,1322.5359738520656,9751.747859402649,2785.5376044686095,8
89,stare,7235192.823326601,80.0,1350.1922305080475,16307.798132621967,1027.7476122276476,12
90,scan,5755044.364751832,40.0,1431.2104336183334,14249.010341233006,2692.706056153126,7
91,scan,10821330.956988275,100.0,1272.8699154814615,17451.28376442902,1386.6761286098429,6
92,stare,6880419.106686473,20.0,1387.6034087176577,9963.40643202676,1081.4775243353158,11
93,stare,6665113.893565737,40.0,969.1886657710924,14071.513045929141,1996.2949358843236,8
94,stare,8768821.887311827,20.0,1075.5241920899182,13310.062404576682,2000.6982921045399,12
95,stare,9789702.078750633,40.0,1438.2376687815113,9974.944929163295,1103.8320684722275,12
96,scan,7625410.796607761,40.0,1027.2627234303068,17386.280925058345,2510.016437125219,12
97,stare,9173342.168852556,80.0,900.4410061316448,15651.55717937831,586.8161694012185,11
98,stare,6650109.331180302,40.0,1146.8822101822843,16095.134073478806,1359.1854947513216,14
99,stare,10294151.33318426,80.0,959.3698403878487,11167.807323838093,2827.025832980605,5
100,stare,9376290.486029688,40.0,1007.0689738487928,12523.542370220495,1191.2159245653563,8
101,scan,10764985.505073007,100.0,883.6626581745675,11527.653007019995,1305.483677022885,7
102,scan,5538187.741331924,100.0,939.9717235267532,9797.358651417893,1843.5444692405208,10
103,scan,5907469.85440965,40.0,1004.3427813594571,10348.281437193475,1775.0408748938535,10
104,scan,11908167.753573162,40.0,803.6980294713145,12978.815290065839,1049.1868673746094,10
105,scan,8367472.393841092,80.0,1226.9216222379355,14779.09583988772,2003.7044951575515,14
106,stare,10112386.937624149,100.0,904.7229752637912,9609.80918349704,2238.792545753649,8
107,scan,10014158.647970676,80.0,1116.9334869481042,11494.410263465856,473.78530802760224,6
108,stare,9210379.526986476,100.0,1433.7906560903812,11608.42170930697,336.9977931240718,6
109,scan,7658646.658624785,80.0,1468.2465488507803,9150.485554579014,1600.3568755541366,10
110,scan,7491815.952952655,40.0,826.9880015286392,15966.808436318162,2061.196775565013,15
111,scan,8975822.867128212,80.0,1195.7969564297098,15842.34500879256,961.0020781976606,14
112,scan,7731614.872756334,100.0,1146.8950269636648,17242.687503391826,2851.9243950455993,12
113,scan,8157435.044513277,80.0,1295.183250802803,13383.358017633722,465.06532146335826,13
114,scan,10478804.573360948,20.0,1411.676049133278,17648.009961562668,1559.965162551146,13
115,stare,11496683.853481978,40.0,1310.9648864129208,15913.853953844155,426.3748756325919,8
116,stare,6455625.919387165,80.0,1314.628573650713,16112.852009537766,2209.536002485284,10
117,scan,8499521.131430874,40.0,1212.347500871862,12854.090076912991,638.5422577118633,6
118,scan,11122216.559357598,20.0,967.1678830100869,15770.373885931785,1507.606482497938,10
119,stare,5472369.809705835,80.0,995.6250142163441,14768.203710269056,2477.629631031961,15
